[{
  "_id": {
    "$oid": "646dcacf18d4bc61a0915913"
  },
  "name": "Mike Thompson",
  "age": 35,
  "gender": "Male",
  "email": "mike.thompson@example.com",
  "phone": "555-123-4567",
  "ticket_type": "Regular"
},{
  "_id": {
    "$oid": "646dd2f718d4bc61a0915944"
  },
  "name": "Sarah Adams",
  "age": 42,
  "gender": "Female",
  "email": "sarah.adams@example.com",
  "phone": "555-876-5432",
  "ticket_type": "Regular"
},{
  "_id": {
    "$oid": "646de5b518d4bc61a091599f"
  },
  "name": "Michael Brown",
  "age": 28,
  "gender": "Male",
  "email": "michael.brown@example.com",
  "phone": "555-444-5555",
  "ticket_type": "VIP"
},{
  "_id": {
    "$oid": "646de95718d4bc61a09159c4"
  },
  "name": "Sophia Davis",
  "age": 30,
  "gender": "Female",
  "email": "sophia.davis@example.com",
  "phone": "555-999-0000",
  "ticket_type": "VIP"
},{
  "_id": {
    "$oid": "646debbb18d4bc61a09159e7"
  },
  "name": "John Anderson",
  "age": 35,
  "gender": "Male",
  "email": "john.anderson@example.com",
  "phone": "555-987-6543",
  "ticket_type": "Regular"
}]