[{
  "_id": {
    "$oid": "646dcb4d18d4bc61a0915918"
  },
  "name": "Best Design",
  "category": "Exterior",
  "description": "Award for the best exterior design.",
  "winner": "Honda Civic",
  "car_id": {
    "$oid": "646dc8f418d4bc61a09158f9"
  }
},{
  "_id": {
    "$oid": "646dd82418d4bc61a0915962"
  },
  "name": "Most Powerful Engine",
  "category": "Performance",
  "description": "Award for the car with the most powerful engine.",
  "winner": "Ford Mustang",
  "car_id": {
    "$oid": "646dd28618d4bc61a091593c"
  }
},{
  "_id": {
    "$oid": "646de71c18d4bc61a09159af"
  },
  "name": "Best Electric Car",
  "category": "Environment",
  "description": "Award for the best electric car of the year.",
  "winner": "Tesla Model S",
  "car_id": {
    "$oid": "646dd9f618d4bc61a0915975"
  }
},{
  "_id": {
    "$oid": "646dea5f18d4bc61a09159d1"
  },
  "name": "Best Luxury Car",
  "category": "Exclusivity",
  "description": "Award for the most luxurious car at the exhibition.",
  "winner": "Porsche 911",
  "car_id": {
    "$oid": "646de92e18d4bc61a09159c1"
  }
},{
  "_id": {
    "$oid": "646dec8918d4bc61a09159f4"
  },
  "name": "Best Electric Car Manufacturer",
  "category": "Electric Vehicles",
  "description": "Award for the best electric car manufacturer.",
  "winner": "Tesla",
  "car_id": {
    "$oid": "646deb9718d4bc61a09159e4"
  }
}]