[{
  "_id": {
    "$oid": "646dc8f418d4bc61a09158f9"
  },
  "model": "Civic",
  "manufacturer": "Honda",
  "year": 2022,
  "price": 25000,
  "color": "Red",
  "item": [
    {
      "itemName": "turbina"
    },
    {
      "itemName": "zanizhenaya"
    }
  ],
  "exhibitor_id": {
    "$oid": "646dc7b718d4bc61a09158f0"
  }
},{
  "_id": {
    "$oid": "646dd2dc18d4bc61a091593f"
  },
  "model": "Mustang",
  "manufacturer": "Ford",
  "year": 2023,
  "price": 35000,
  "color": "Yellow",
  "item": [
    {
      "itemName": "V8"
    },
    {
      "itemName": "spoiler"
    },
    {
      "itemName": "nitro"
    }
  ],
  "exhibitor_id": {
    "$oid": "646dd28618d4bc61a091593c"
  }
},{
  "_id": {
    "$oid": "646dd9f618d4bc61a0915975"
  },
  "model": "Model S",
  "manufacturer": "Tesla",
  "year": 2023,
  "price": 80000,
  "color": "Yellow",
  "item": [
    {
      "itemName": "battery"
    }
  ],
  "exhibitor_id": {
    "$oid": "646dd96b18d4bc61a091596e"
  }
},{
  "_id": {
    "$oid": "646de92e18d4bc61a09159c1"
  },
  "model": "911",
  "manufacturer": "Porsche",
  "year": 2023,
  "price": 120000,
  "color": "Silver",
  "item": [
    {
      "itemName": "cabriolet"
    },
    {
      "itemName": "dolby atmos"
    },
    {
      "itemName": "chameleon"
    },
    {
      "itemName": "akrapovich exhaust system"
    }
  ],
  "exhibitor_id": {
    "$oid": "646dd96b18d4bc61a091596e"
  }
},{
  "_id": {
    "$oid": "646deb9718d4bc61a09159e4"
  },
  "model": "Model 3",
  "manufacturer": "Tesla",
  "year": 2023,
  "price": 45000,
  "color": "Blue",
  "item": [
    {
      "itemName": "battery"
    }
  ],
  "exhibitor_id": {
    "$oid": "646deb4318d4bc61a09159df"
  }
}]