[{
  "_id": {
    "$oid": "646dc9ed18d4bc61a09158ff"
  },
  "name": "Car Showcase",
  "description": "Explore the latest car models on display.",
  "start_date": "2023-06-01",
  "end_date": "2023-06-05",
  "location": "Convention Center",
  "exhibitor_id": {
    "$oid": "646dc7b718d4bc61a09158f0"
  }
},{
  "_id": {
    "$oid": "646ddd9e18d4bc61a0915981"
  },
  "name": "Car Racing Show",
  "description": "Witness thrilling car races and stunts.",
  "start_date": "2023-06-03",
  "end_date": "2023-06-05",
  "location": "Race Track",
  "exhibition_id": {
    "$oid": "646dd28618d4bc61a091593c"
  }
},{
  "_id": {
    "$oid": "646de62118d4bc61a09159a5"
  },
  "name": "Electric Car Showcase",
  "description": "Discover the latest electric car technologies.",
  "start_date": "2023-06-10",
  "end_date": "2023-06-12",
  "location": "Exhibition Hall",
  "exhibition_id": {
    "$oid": "646dd96b18d4bc61a091596e"
  }
},{
  "_id": {
    "$oid": "646de99e18d4bc61a09159c8"
  },
  "name": "Luxury Car Exhibition",
  "description": "Experience the epitome of luxury cars.",
  "start_date": "2023-07-01",
  "end_date": "2023-07-03",
  "location": "Grand Convention Center",
  "exhibition_id": {
    "$oid": "646de8f818d4bc61a09159be"
  }
},{
  "_id": {
    "$oid": "646dec0918d4bc61a09159eb"
  },
  "name": "Tesla Showcase",
  "description": "Experience the latest innovations from Tesla.",
  "start_date": "2023-08-01",
  "end_date": "2023-08-03",
  "location": "Exhibition Hall",
  "exhibition_id": {
    "$oid": "646deb4318d4bc61a09159df"
  }
}]