[{
  "_id": {
    "$oid": "646dc7b718d4bc61a09158f0"
  },
  "name": "John Smith",
  "company": "ABC Motors",
  "country": "USA",
  "website": "http://www.abcmotors.com",
  "email": "john.smith@abcmotors.com",
  "phone": "123-456-7890"
},{
  "_id": {
    "$oid": "646dd28618d4bc61a091593c"
  },
  "name": "David Johnson",
  "company": "XYZ Autos",
  "country": "USA",
  "website": "http://www.xyzautos.com",
  "email": "david.johnson@xyzautos.com",
  "phone": "555-987-6543"
},{
  "_id": {
    "$oid": "646dd96b18d4bc61a091596e"
  },
  "name": "Doner Long",
  "company": "SDU com",
  "country": "KZ",
  "website": "http://www.motherfucker.com",
  "email": "doner.long@xyzautos.com",
  "phone": "8800-555-3535"
},{
  "_id": {
    "$oid": "646de8f818d4bc61a09159be"
  },
  "name": "Robert Williams",
  "company": "Luxury Autos",
  "country": "USA",
  "website": "http://www.luxuryautos.com",
  "email": "robert.williams@luxuryautos.com",
  "phone": "555-777-8888"
},{
  "_id": {
    "$oid": "646deb4318d4bc61a09159df"
  },
  "name": "Tesla Motors",
  "company": "Tesla",
  "country": "USA",
  "website": "http://www.tesla.com",
  "email": "info@tesla.com",
  "phone": "555-123-4567"
}]