[{
  "_id": {
    "$oid": "646dcc8918d4bc61a0915924"
  },
  "name": "Motor Events",
  "company": "Event Co.",
  "contact": "John Smith",
  "website": "http://www.motorevents.com",
  "email": "info@motorevents.com",
  "phone": "555-123-4567",
  "event_id": {
    "$oid": "646dc9ed18d4bc61a09158ff"
  }
},{
  "_id": {
    "$oid": "646de45318d4bc61a091598e"
  },
  "name": "Auto Expo Corp.",
  "company": "Expo Services",
  "contact": "Jane Johnson",
  "website": "http://www.autoexpocorp.com",
  "email": "info@autoexpocorp.com",
  "phone": "555-987-6543",
  "event_id": {
    "$oid": "646ddd9e18d4bc61a0915981"
  }
},{
  "_id": {
    "$oid": "646de79d18d4bc61a09159ba"
  },
  "name": "Green Events",
  "company": "Event Co.",
  "contact": "John Green",
  "website": "http://www.greenevents.com",
  "email": "info@greenevents.com",
  "phone": "555-777-8888",
  "event_id": {
    "$oid": "646de62118d4bc61a09159a5"
  }
},{
  "_id": {
    "$oid": "646deadd18d4bc61a09159db"
  },
  "name": "Luxury Events",
  "company": "Event Co.",
  "contact": "Julia Smith",
  "website": "http://www.luxuryevents.com",
  "email": "info@luxuryevents.com",
  "phone": "555-123-4567",
  "event_id": {
    "$oid": "646de99e18d4bc61a09159c8"
  }
},{
  "_id": {
    "$oid": "646decfc18d4bc61a09159fd"
  },
  "name": "Electric Expo Corp.",
  "company": "Expo Services",
  "contact": "Sarah Green",
  "website": "http://www.electricexpocorp.com",
  "email": "info@electricexpocorp.com",
  "phone": "555-555-5555",
  "event_id": {
    "$oid": "646dec0918d4bc61a09159eb"
  }
}]