[{
  "_id": {
    "$oid": "646dcc1118d4bc61a091591f"
  },
  "reviewer_name": "John Doe",
  "rating": 4.5,
  "comments": "The car exhibition was amazing.",
  "date": "2023-06-02",
  "attendee_id": {
    "$oid": "646dcacf18d4bc61a0915913"
  },
  "event_id": {
    "$oid": "646dc9ed18d4bc61a09158ff"
  }
},{
  "_id": {
    "$oid": "646de3f918d4bc61a091598a"
  },
  "reviewer_name": "Mark Davis",
  "rating": 4.2,
  "comments": "Impressive collection of cars at the exhibition.",
  "date": "2023-06-04",
  "attendee_id": {
    "$oid": "646dd2f718d4bc61a0915944"
  },
  "event_id": {
    "$oid": "646ddd9e18d4bc61a0915981"
  }
},{
  "_id": {
    "$oid": "646de75f18d4bc61a09159b6"
  },
  "reviewer_name": "Mark Davis",
  "rating": 4.2,
  "comments": "Impressive collection of cars at the exhibition.",
  "date": "2023-06-04",
  "attendee_id": {
    "$oid": "646de5b518d4bc61a091599f"
  },
  "event_id": {
    "$oid": "646de62118d4bc61a09159a5"
  }
},{
  "_id": {
    "$oid": "646deab018d4bc61a09159d7"
  },
  "reviewer_name": "Daniel Johnson",
  "rating": 4.9,
  "comments": "The luxury car exhibition exceeded my expectations!",
  "date": "2023-07-02",
  "attendee_id": {
    "$oid": "646de95718d4bc61a09159c4"
  },
  "event_id": {
    "$oid": "646de99e18d4bc61a09159c8"
  }
},{
  "_id": {
    "$oid": "646deccd18d4bc61a09159f9"
  },
  "reviewer_name": "Amy Johnson",
  "rating": 4.7,
  "comments": "The Tesla showcase was truly impressive!",
  "date": "2023-08-02",
  "attendee_id": {
    "$oid": "646debbb18d4bc61a09159e7"
  },
  "event_id": {
    "$oid": "646dec0918d4bc61a09159eb"
  }
}]