[{
  "_id": {
    "$oid": "646dca8518d4bc61a0915908"
  },
  "name": "ABC Corporation",
  "company": "ABC Motors",
  "level": "Platinum",
  "contact": "John Smith",
  "email": "john.smith@abcmotors.com",
  "phone": "123-456-7890",
  "exhibitor_id": {
    "$oid": "646dc7b718d4bc61a09158f0"
  }
},{
  "_id": {
    "$oid": "646dd61218d4bc61a0915957"
  },
  "name": "XYZ Corporation",
  "company": "XYZ Motors",
  "level": "Gold",
  "contact": "John Smith",
  "email": "john.smith@abcmotors.com",
  "phone": "123-456-7890",
  "exhibitor_id": {
    "$oid": "646dd28618d4bc61a091593c"
  }
},{
  "_id": {
    "$oid": "646de6c518d4bc61a09159a8"
  },
  "name": "EcoTech Solutions",
  "company": "EcoCars",
  "level": "Silver",
  "contact": "Emily Johnson",
  "email": "emily.johnson@ecocars.com",
  "phone": "555-222-3333",
  "exhibitor_id": {
    "$oid": "646dd96b18d4bc61a091596e"
  }
},{
  "_id": {
    "$oid": "646dea2f18d4bc61a09159cd"
  },
  "name": "Luxury Lifestyle Magazine",
  "company": "Luxury Autos",
  "level": "Diamond",
  "contact": "Robert Williams",
  "email": "robert.williams@luxuryautos.com",
  "phone": "555-777-8888",
  "exhibitor_id": {
    "$oid": "646de8f818d4bc61a09159be"
  }
},{
  "_id": {
    "$oid": "646dec5318d4bc61a09159ee"
  },
  "name": "Clean Energy Solutions",
  "company": "Tesla",
  "level": "Gold",
  "contact": "Tesla Motors",
  "email": "info@tesla.com",
  "phone": "555-123-4567",
  "exhibitor_id": {
    "$oid": "646deb4318d4bc61a09159df"
  }
}]